{
  "version": "v1",
  "threshold": 0.5,
  "metrics": {
    "accuracy": 0.9995259997893332,
    "precision": 0.8901098901098901,
    "recall": 0.826530612244898,
    "f1": 0.8571428571428571,
    "roc_auc": 0.9751584159268659,
    "aupr": 0.8754399167400079
  },
  "exported_at": "2026-02-04T20:56:25.463173Z",
  "feature_columns": [
    "Time",
    "V1",
    "V2",
    "V3",
    "V4",
    "V5",
    "V6",
    "V7",
    "V8",
    "V9",
    "V10",
    "V11",
    "V12",
    "V13",
    "V14",
    "V15",
    "V16",
    "V17",
    "V18",
    "V19",
    "V20",
    "V21",
    "V22",
    "V23",
    "V24",
    "V25",
    "V26",
    "V27",
    "V28",
    "Amount"
  ]
}